{"url": "http://livetv.sx/frx/allupcomingsports/1/", "matches": [{"name": "Sriwijaya \u2013 Persija Jakarta", "links": [], "url": "http://livetv.sx/enx/eventinfo/571248_sriwijaya_persija_jakarta/", "competition": "Indonesia Super League", "datetime": "2017-10-07 10:00:00"}, {"name": "Loko Vltavin \u2013 Usti nad Labem", "links": [], "url": "http://livetv.sx/enx/eventinfo/577197_loko_vltavin_usti_nad_labem/", "competition": "Czech 3 Liga", "datetime": "2017-10-07 10:15:00"}, {"name": "Dukla Praha \u2013 Slavia Praha", "links": [{"lang": "", "title": "[web] Dukla Praha \u2013 Slavia Praha,  (95%)", "url": "//cdn.livetvcdn.net/webplayer.php?t=ifr&c=786284&lang=en&eid=577083&lid=786284&ci=1943&si=1", "video_id": "", "health": "95", "streamer": "web", "bitrate": ""}], "url": "http://livetv.sx/enx/eventinfo/577083_dukla_praha_slavia_praha/", "competition": "Women. Czech Liga", "datetime": "2017-10-07 10:30:00"}, {"name": "KubGU \u2013 PGAFKSiT", "links": [{"lang": "", "title": "[youtube] KubGU \u2013 PGAFKSiT,  (99%)", "url": "https://www.youtube.com/watch?v=ZydFRLmiktY", "video_id": "ZydFRLmiktY", "health": "99", "streamer": "youtube", "bitrate": ""}], "url": "http://livetv.sx/enx/eventinfo/577109_kubgu_pgafksit/", "competition": "Russia. NSFL", "datetime": "2017-10-07 10:30:00"}, {"name": "Benesov \u2013 Jiskra Domazlice", "links": [{"lang": "", "title": "[web] Benesov \u2013 Jiskra Domazlice,  (95%)", "url": "//cdn.livetvcdn.net/webplayer.php?t=ifr&c=786486&lang=en&eid=577198&lid=786486&ci=1828&si=1", "video_id": "", "health": "95", "streamer": "web", "bitrate": ""}], "url": "http://livetv.sx/enx/eventinfo/577198_benesov_jiskra_domazlice/", "competition": "Czech 3 Liga", "datetime": "2017-10-07 10:30:00"}, {"name": "Viktoria Otrokovice \u2013 Odra Petrkovice", "links": [{"lang": "", "title": "[web] Viktoria Otrokovice \u2013 Odra Petrkovice,  (95%)", "url": "//cdn.livetvcdn.net/webplayer.php?t=ifr&c=786487&lang=en&eid=577199&lid=786487&ci=1828&si=1", "video_id": "", "health": "95", "streamer": "web", "bitrate": ""}], "url": "http://livetv.sx/enx/eventinfo/577199_viktoria_otrokovice_odra_petrkovice/", "competition": "Czech 3 Liga", "datetime": "2017-10-07 10:30:00"}, {"name": "Melbourne Victory \u2013 Sydney", "links": [{"lang": "english", "title": "[web] Melbourne Victory \u2013 Sydney, english (99%)", "url": "//cdn.livetvcdn.net/webplayer.php?t=ifr&c=785256&lang=en&eid=573885&lid=785256&ci=150&si=1", "video_id": "", "health": "99", "streamer": "web", "bitrate": ""}, {"lang": "english", "title": "[web] Melbourne Victory \u2013 Sydney, english (74%)", "url": "//cdn.livetvcdn.net/webplayer.php?t=ifr&c=785806&lang=en&eid=573885&lid=785806&ci=150&si=1", "video_id": "", "health": "74", "streamer": "web", "bitrate": ""}, {"lang": "english", "title": "[web] Melbourne Victory \u2013 Sydney, english (53%)", "url": "//cdn.livetvcdn.net/webplayer.php?t=ifr&c=783425&lang=en&eid=573885&lid=783425&ci=150&si=1", "video_id": "", "health": "53", "streamer": "web", "bitrate": ""}, {"lang": "english", "title": "[web] Melbourne Victory \u2013 Sydney, english (56%)", "url": "//cdn.livetvcdn.net/webplayer.php?t=ifr&c=783681&lang=en&eid=573885&lid=783681&ci=150&si=1", "video_id": "", "health": "56", "streamer": "web", "bitrate": ""}, {"lang": "english", "title": "[web] Melbourne Victory \u2013 Sydney, english (51%)", "url": "//cdn.livetvcdn.net/webplayer.php?t=ifr&c=780083&lang=en&eid=573885&lid=780083&ci=150&si=1", "video_id": "", "health": "51", "streamer": "web", "bitrate": ""}, {"lang": "english", "title": "[web] Melbourne Victory \u2013 Sydney, english (34%)", "url": "//cdn.livetvcdn.net/webplayer.php?t=ifr&c=785458&lang=en&eid=573885&lid=785458&ci=150&si=1", "video_id": "", "health": "34", "streamer": "web", "bitrate": ""}, {"lang": "german", "title": "[alieztv] Melbourne Victory \u2013 Sydney, german (95%) [646kbps]", "url": "//cdn.livetvcdn.net/webplayer2.php?t=alieztv&c=55784&lang=en&eid=573885&lid=785610&ci=150&si=1", "video_id": "55784", "health": "95", "streamer": "alieztv", "bitrate": "646kbps"}, {"lang": "", "title": "[web] Melbourne Victory \u2013 Sydney,  (45%)", "url": "//cdn.livetvcdn.net/webplayer.php?t=ifr&c=786408&lang=en&eid=573885&lid=786408&ci=150&si=1", "video_id": "", "health": "45", "streamer": "web", "bitrate": ""}, {"lang": "", "title": "[web] Melbourne Victory \u2013 Sydney,  (45%)", "url": "//cdn.livetvcdn.net/webplayer.php?t=ifr&c=786499&lang=en&eid=573885&lid=786499&ci=150&si=1", "video_id": "", "health": "45", "streamer": "web", "bitrate": ""}, {"lang": "", "title": "[web] Melbourne Victory \u2013 Sydney,  (19%)", "url": "http://adserving.unibet.com/redirect.aspx?pid=50511&bid=4501", "video_id": "", "health": "19", "streamer": "web", "bitrate": ""}, {"lang": "english", "title": "[acestream] Melbourne Victory \u2013 Sydney, english (84%)", "url": "acestream://3cf32325ca45e0179e0b1a3e3ad8d2de5296edcd", "video_id": "3cf32325ca45e0179e0b1a3e3ad8d2de5296edcd", "health": "84", "streamer": "acestream", "bitrate": ""}, {"lang": "english", "title": "[acestream] Melbourne Victory \u2013 Sydney, english (50%)", "url": "acestream://4fc18e8ce4403273ca3770b9b5bffe2b83ddd31c", "video_id": "4fc18e8ce4403273ca3770b9b5bffe2b83ddd31c", "health": "50", "streamer": "acestream", "bitrate": ""}, {"lang": "spanish", "title": "[acestream] Melbourne Victory \u2013 Sydney, spanish (52%)", "url": "acestream://e5cb58e5b82976076316606ef71e92e97ce863d7", "video_id": "e5cb58e5b82976076316606ef71e92e97ce863d7", "health": "52", "streamer": "acestream", "bitrate": ""}], "url": "http://livetv.sx/enx/eventinfo/573885_melbourne_victory_sydney/", "competition": "Australian A-League", "datetime": "2017-10-07 10:50:00"}, {"name": "Slovacko U-21 \u2013 Sigma U-21", "links": [{"lang": "", "title": "[web] Slovacko U-21 \u2013 Sigma U-21,  (95%)", "url": "//cdn.livetvcdn.net/webplayer.php?t=ifr&c=786471&lang=en&eid=576971&lid=786471&ci=1128&si=1", "video_id": "", "health": "95", "streamer": "web", "bitrate": ""}], "url": "http://livetv.sx/enx/eventinfo/576971_slovacko_u_21_sigma_u_21/", "competition": "Czech Under 21 Liga", "datetime": "2017-10-07 11:00:00"}, {"name": "Yokohama FC \u2013 Fukuoka", "links": [{"lang": "", "title": "[web] Yokohama FC \u2013 Fukuoka,  (75%)", "url": "//cdn.livetvcdn.net/webplayer.php?t=ifr&c=783678&lang=en&eid=573923&lid=783678&ci=917&si=1", "video_id": "", "health": "75", "streamer": "web", "bitrate": ""}, {"lang": "", "title": "[web] Yokohama FC \u2013 Fukuoka,  (99%)", "url": "//cdn.livetvcdn.net/webplayer.php?t=ifr&c=785485&lang=en&eid=573923&lid=785485&ci=917&si=1", "video_id": "", "health": "99", "streamer": "web", "bitrate": ""}, {"lang": "", "title": "[web] Yokohama FC \u2013 Fukuoka,  (56%)", "url": "//cdn.livetvcdn.net/webplayer.php?t=ifr&c=785429&lang=en&eid=573923&lid=785429&ci=917&si=1", "video_id": "", "health": "56", "streamer": "web", "bitrate": ""}, {"lang": "", "title": "[web] Yokohama FC \u2013 Fukuoka,  (19%)", "url": "http://adserving.unibet.com/redirect.aspx?pid=50511&bid=4501", "video_id": "", "health": "19", "streamer": "web", "bitrate": ""}], "url": "http://livetv.sx/enx/eventinfo/573923_yokohama_fc_fukuoka/", "competition": "Japanese J2 League", "datetime": "2017-10-07 11:00:00"}, {"name": "Dynamo Kiev \u2013 Olimpik Donetsk", "links": [{"lang": "ukrainian", "title": "[youtube] Dynamo Kiev \u2013 Olimpik Donetsk, ukrainian (95%)", "url": "https://www.youtube.com/watch?v=TrYBeCzc3YU", "video_id": "TrYBeCzc3YU", "health": "95", "streamer": "youtube", "bitrate": ""}, {"lang": "", "title": "[web] Dynamo Kiev \u2013 Olimpik Donetsk,  (19%)", "url": "http://adserving.unibet.com/redirect.aspx?pid=50511&bid=4501", "video_id": "", "health": "19", "streamer": "web", "bitrate": ""}], "url": "http://livetv.sx/enx/eventinfo/574867_dynamo_kiev_olimpik_donetsk/", "competition": "Friendly Match", "datetime": "2017-10-07 12:00:00"}, {"name": "Zaragoza \u2013 Sevilla", "links": [{"lang": "", "title": "[web] Zaragoza \u2013 Sevilla,  (??%)", "url": "//cdn.livetvcdn.net/webplayer.php?t=ifr&c=786530&lang=en&eid=577201&lid=786530&ci=1235&si=1", "video_id": "", "health": "??", "streamer": "web", "bitrate": ""}], "url": "http://livetv.sx/enx/eventinfo/577201_zaragoza_sevilla/", "competition": "Spanish Liga Femenina", "datetime": "2017-10-07 12:00:00"}, {"name": "Zweigen Kanazawa \u2013 Ehime", "links": [{"lang": "", "title": "[web] Zweigen Kanazawa \u2013 Ehime,  (99%)", "url": "//cdn.livetvcdn.net/webplayer.php?t=ifr&c=786522&lang=en&eid=573924&lid=786522&ci=917&si=1", "video_id": "", "health": "99", "streamer": "web", "bitrate": ""}, {"lang": "", "title": "[web] Zweigen Kanazawa \u2013 Ehime,  (19%)", "url": "http://adserving.unibet.com/redirect.aspx?pid=50511&bid=4501", "video_id": "", "health": "19", "streamer": "web", "bitrate": ""}], "url": "http://livetv.sx/enx/eventinfo/573924_zweigen_kanazawa_ehime/", "competition": "Japanese J2 League", "datetime": "2017-10-07 12:00:00"}, {"name": "Chelyabinsk \u2013 Krylia Sovetov II", "links": [{"lang": "", "title": "[youtube] Chelyabinsk \u2013 Krylia Sovetov II,  (99%)", "url": "https://www.youtube.com/watch?v=tsrZUGrwi9c", "video_id": "tsrZUGrwi9c", "health": "99", "streamer": "youtube", "bitrate": ""}], "url": "http://livetv.sx/enx/eventinfo/576757_chelyabinsk_krylia_sovetov_ii/", "competition": "Russian Second Division (Ural)", "datetime": "2017-10-07 12:00:00"}, {"name": "Sibir \u2013 Avangard Kursk", "links": [{"lang": "", "title": "[web] Sibir \u2013 Avangard Kursk,  (95%)", "url": "//cdn.livetvcdn.net/webplayer.php?t=ifr&c=786521&lang=en&eid=573942&lid=786521&ci=65&si=1", "video_id": "", "health": "95", "streamer": "web", "bitrate": ""}, {"lang": "", "title": "[web] Sibir \u2013 Avangard Kursk,  (19%)", "url": "http://adserving.unibet.com/redirect.aspx?pid=50511&bid=4501", "video_id": "", "health": "19", "streamer": "web", "bitrate": ""}], "url": "http://livetv.sx/enx/eventinfo/573942_sibir_avangard_kursk/", "competition": "Russian First Division", "datetime": "2017-10-07 12:00:00"}, {"name": "Yenisey \u2013 Khimki", "links": [{"lang": "russian", "title": "[alieztv] Yenisey \u2013 Khimki, russian (56%) [646kbps]", "url": "//cdn.livetvcdn.net/webplayer2.php?t=alieztv&c=55470&lang=en&eid=573943&lid=786041&ci=65&si=1", "video_id": "55470", "health": "56", "streamer": "alieztv", "bitrate": "646kbps"}, {"lang": "russian", "title": "[web] Yenisey \u2013 Khimki, russian (34%)", "url": "//cdn.livetvcdn.net/webplayer.php?t=ifr&c=785020&lang=en&eid=573943&lid=785020&ci=65&si=1", "video_id": "", "health": "34", "streamer": "web", "bitrate": ""}, {"lang": "", "title": "[web] Yenisey \u2013 Khimki,  (19%)", "url": "http://adserving.unibet.com/redirect.aspx?pid=50511&bid=4501", "video_id": "", "health": "19", "streamer": "web", "bitrate": ""}, {"lang": "russian", "title": "[acestream] Yenisey \u2013 Khimki, russian (52%)", "url": "acestream://1520428d0a32a82dec9edb8aa934ada28c2abce9", "video_id": "1520428d0a32a82dec9edb8aa934ada28c2abce9", "health": "52", "streamer": "acestream", "bitrate": ""}, {"lang": "russian", "title": "[acestream] Yenisey \u2013 Khimki, russian (49%)", "url": "acestream://521be8aad52e13fa0cac095b861744b5c829a3be", "video_id": "521be8aad52e13fa0cac095b861744b5c829a3be", "health": "49", "streamer": "acestream", "bitrate": ""}, {"lang": "russian", "title": "[acestream] Yenisey \u2013 Khimki, russian (49%)", "url": "acestream://637b56ec171c4de9bff4feeb98a8793c6ef4ee85", "video_id": "637b56ec171c4de9bff4feeb98a8793c6ef4ee85", "health": "49", "streamer": "acestream", "bitrate": ""}], "url": "http://livetv.sx/enx/eventinfo/573943_yenisey_khimki/", "competition": "Russian First Division", "datetime": "2017-10-07 12:00:00"}, {"name": "BSF \u2013 VSK Aarhus", "links": [], "url": "http://livetv.sx/enx/eventinfo/572499_bsf_vsk_aarhus/", "competition": "Women. Elitedivisionen", "datetime": "2017-10-07 12:30:00"}, {"name": "Odra Opole \u2013 Bytovia Bytow", "links": [{"lang": "polish", "title": "[web] Odra Opole \u2013 Bytovia Bytow, polish (99%)", "url": "//cdn.livetvcdn.net/webplayer.php?t=ifr&c=784321&lang=en&eid=573907&lid=784321&ci=593&si=1", "video_id": "", "health": "99", "streamer": "web", "bitrate": ""}], "url": "http://livetv.sx/enx/eventinfo/573907_odra_opole_bytovia_bytow/", "competition": "Polish I Liga", "datetime": "2017-10-07 12:30:00"}, {"name": "Belgium U-19 \u2013 Russia U-19", "links": [], "url": "http://livetv.sx/enx/eventinfo/574224_belgium_u_19_russia_u_19/", "competition": "Friendly Match", "datetime": "2017-10-07 13:00:00"}, {"name": "B 93 \u2013 Broenshoej", "links": [], "url": "http://livetv.sx/enx/eventinfo/577084_b_93_broenshoej/", "competition": "Danish 2 Division", "datetime": "2017-10-07 13:00:00"}, {"name": "Vejle \u2013 Brondby", "links": [], "url": "http://livetv.sx/enx/eventinfo/572500_vejle_brondby/", "competition": "Women. Elitedivisionen", "datetime": "2017-10-07 13:00:00"}, {"name": "Kolding \u2013 Varde", "links": [], "url": "http://livetv.sx/enx/eventinfo/572501_kolding_varde/", "competition": "Women. Elitedivisionen", "datetime": "2017-10-07 13:00:00"}, {"name": "Neftekhimik \u2013 Ural II", "links": [{"lang": "", "title": "[youtube] Neftekhimik \u2013 Ural II,  (95%)", "url": "https://www.youtube.com/watch?v=AUTl8Y9sljY", "video_id": "AUTl8Y9sljY", "health": "95", "streamer": "youtube", "bitrate": ""}], "url": "http://livetv.sx/enx/eventinfo/576759_neftekhimik_ural_ii/", "competition": "Russian Second Division (Ural)", "datetime": "2017-10-07 13:00:00"}, {"name": "Tambov \u2013 Dynamo St Pburg", "links": [], "url": "http://livetv.sx/enx/eventinfo/573944_tambov_dynamo_st_pburg/", "competition": "Russian First Division", "datetime": "2017-10-07 13:00:00"}, {"name": "Anji-Junior \u2013 Zenit-Izhevsk", "links": [], "url": "http://livetv.sx/enx/eventinfo/576760_anji_junior_zenit_izhevsk/", "competition": "Russian Second Division (Ural)", "datetime": "2017-10-07 13:00:00"}, {"name": "Rotor \u2013 Olimpiyets", "links": [], "url": "http://livetv.sx/enx/eventinfo/573945_rotor_olimpiyets/", "competition": "Russian First Division", "datetime": "2017-10-07 13:00:00"}, {"name": "Znamya Truda \u2013 Dynamo St Pburg II", "links": [{"lang": "", "title": "[youtube] Znamya Truda \u2013 Dynamo St Pburg II,  (95%)", "url": "https://www.youtube.com/watch?v=8dFhvQffsjM", "video_id": "8dFhvQffsjM", "health": "95", "streamer": "youtube", "bitrate": ""}], "url": "http://livetv.sx/enx/eventinfo/576763_znamya_truda_dynamo_st_pburg_ii/", "competition": "Russian Second Division (West)", "datetime": "2017-10-07 13:00:00"}, {"name": "Kolomna \u2013 Murom", "links": [], "url": "http://livetv.sx/enx/eventinfo/576765_kolomna_murom/", "competition": "Russian Second Division (West)", "datetime": "2017-10-07 13:00:00"}, {"name": "Germany U-17 \u2013 Costa Rica U-17", "links": [], "url": "http://livetv.sx/enx/eventinfo/574037_germany_u_17_costa_rica_u_17/", "competition": "U-17 World Championships", "datetime": "2017-10-07 13:30:00"}, {"name": "Brazil U-17 \u2013 Spain U-17", "links": [], "url": "http://livetv.sx/enx/eventinfo/574038_brazil_u_17_spain_u_17/", "competition": "U-17 World Championships", "datetime": "2017-10-07 13:30:00"}, {"name": "Gresik United \u2013 Mitra Kukar", "links": [], "url": "http://livetv.sx/enx/eventinfo/571247_gresik_united_mitra_kukar/", "competition": "Indonesia Super League", "datetime": "2017-10-07 13:30:00"}, {"name": "PS TNI \u2013 Perseru Serui", "links": [], "url": "http://livetv.sx/enx/eventinfo/571249_ps_tni_perseru_serui/", "competition": "Indonesia Super League", "datetime": "2017-10-07 13:30:00"}, {"name": "Barnet \u2013 Coventry City", "links": [], "url": "http://livetv.sx/enx/eventinfo/574070_barnet_coventry_city/", "competition": "English League Two", "datetime": "2017-10-07 13:30:00"}, {"name": "Chelsea \u2013 Liverpool", "links": [], "url": "http://livetv.sx/enx/eventinfo/574606_chelsea_liverpool/", "competition": "Women. English Premier League", "datetime": "2017-10-07 13:30:00"}, {"name": "Hermannstadt \u2013 Ripensia Timisoara", "links": [], "url": "http://livetv.sx/enx/eventinfo/575803_hermannstadt_ripensia_timisoara/", "competition": "Romanian Liga II", "datetime": "2017-10-07 14:00:00"}, {"name": "Metalist 1925 \u2013 Tavriya Simferopol", "links": [], "url": "http://livetv.sx/enx/eventinfo/577090_metalist_1925_tavriya_simferopol/", "competition": "Ukrainian Second League", "datetime": "2017-10-07 14:00:00"}, {"name": "Ak. im. V.Ponedelynika \u2013 Chayka P", "links": [], "url": "http://livetv.sx/enx/eventinfo/575821_ak_im_vponedelynika_chayka_p/", "competition": "Russian Second Division (South)", "datetime": "2017-10-07 14:00:00"}, {"name": "Mashuk-KMV \u2013 Spartak Nalchik", "links": [], "url": "http://livetv.sx/enx/eventinfo/575822_mashuk_kmv_spartak_nalchik/", "competition": "Russian Second Division (South)", "datetime": "2017-10-07 14:00:00"}, {"name": "TGU \u2013 MFTI", "links": [], "url": "http://livetv.sx/enx/eventinfo/577110_tgu_mfti/", "competition": "Russia. NSFL", "datetime": "2017-10-07 14:00:00"}, {"name": "Sokol Saratov \u2013 Kaluga", "links": [], "url": "http://livetv.sx/enx/eventinfo/572019_sokol_saratov_kaluga/", "competition": "Russian Second Division (Center)", "datetime": "2017-10-07 14:00:00"}, {"name": "Naftovyk \u2013 Arsenal Kiev", "links": [], "url": "http://livetv.sx/enx/eventinfo/574619_naftovyk_arsenal_kiev/", "competition": "Ukrainian First League", "datetime": "2017-10-07 14:00:00"}, {"name": "Cherkaskyi Dnipro \u2013 Kolos Kovalivka", "links": [], "url": "http://livetv.sx/enx/eventinfo/574620_cherkaskyi_dnipro_kolos_kovalivka/", "competition": "Ukrainian First League", "datetime": "2017-10-07 14:00:00"}, {"name": "Saturn \u2013 Ryazan", "links": [], "url": "http://livetv.sx/enx/eventinfo/574390_saturn_ryazan/", "competition": "Russian Second Division (Center)", "datetime": "2017-10-07 14:00:00"}, {"name": "Kremen \u2013 Avangard", "links": [], "url": "http://livetv.sx/enx/eventinfo/574391_kremen_avangard/", "competition": "Ukrainian First League", "datetime": "2017-10-07 14:00:00"}, {"name": "Energomash \u2013 Zenit Penza", "links": [], "url": "http://livetv.sx/enx/eventinfo/576753_energomash_zenit_penza/", "competition": "Russian Second Division (Center)", "datetime": "2017-10-07 14:00:00"}, {"name": "Orenburg \u2013 Tyumen", "links": [], "url": "http://livetv.sx/enx/eventinfo/573946_orenburg_tyumen/", "competition": "Russian First Division", "datetime": "2017-10-07 14:00:00"}, {"name": "Veles Moscow \u2013 Dolgoprudny", "links": [], "url": "http://livetv.sx/enx/eventinfo/576762_veles_moscow_dolgoprudny/", "competition": "Russian Second Division (West)", "datetime": "2017-10-07 14:00:00"}, {"name": "Chertanovo \u2013 Pskov 747", "links": [], "url": "http://livetv.sx/enx/eventinfo/576766_chertanovo_pskov_747/", "competition": "Russian Second Division (West)", "datetime": "2017-10-07 14:00:00"}, {"name": "Anzhi II \u2013 Angusht", "links": [], "url": "http://livetv.sx/enx/eventinfo/575823_anzhi_ii_angusht/", "competition": "Russian Second Division (South)", "datetime": "2017-10-07 14:30:00"}, {"name": "Gavorrano \u2013 Polisportiva Arzakena", "links": [], "url": "http://livetv.sx/enx/eventinfo/576985_gavorrano_polisportiva_arzakena/", "competition": "Italian Serie C", "datetime": "2017-10-07 14:30:00"}, {"name": "Akragas \u2013 Bisceglie", "links": [], "url": "http://livetv.sx/enx/eventinfo/576986_akragas_bisceglie/", "competition": "Italian Serie C", "datetime": "2017-10-07 14:30:00"}, {"name": "Nasaf \u2013 Lokomotiv Tashkent", "links": [], "url": "http://livetv.sx/enx/eventinfo/577074_nasaf_lokomotiv_tashkent/", "competition": "Uzbekistan Cup", "datetime": "2017-10-07 15:00:00"}, {"name": "Skovshoved \u2013 Hillerod", "links": [], "url": "http://livetv.sx/enx/eventinfo/577085_skovshoved_hillerod/", "competition": "Danish 2 Division", "datetime": "2017-10-07 15:00:00"}, {"name": "Kolding IF \u2013 Middelfart", "links": [], "url": "http://livetv.sx/enx/eventinfo/577086_kolding_if_middelfart/", "competition": "Danish 2 Division", "datetime": "2017-10-07 15:00:00"}, {"name": "Aarhus Fremad \u2013 Lyseng", "links": [], "url": "http://livetv.sx/enx/eventinfo/577088_aarhus_fremad_lyseng/", "competition": "Danish 2 Division", "datetime": "2017-10-07 15:00:00"}, {"name": "Jammerbugt \u2013 Kjellerup", "links": [], "url": "http://livetv.sx/enx/eventinfo/577089_jammerbugt_kjellerup/", "competition": "Danish 2 Division", "datetime": "2017-10-07 15:00:00"}, {"name": "South Africa \u2013 Burkina Faso", "links": [], "url": "http://livetv.sx/enx/eventinfo/569170_south_africa_burkina_faso/", "competition": "2018 World Cup Qualification", "datetime": "2017-10-07 15:00:00"}, {"name": "Uganda \u2013 Ghana", "links": [], "url": "http://livetv.sx/enx/eventinfo/569171_uganda_ghana/", "competition": "2018 World Cup Qualification", "datetime": "2017-10-07 15:00:00"}, {"name": "Stabaek \u2013 Valerengen", "links": [], "url": "http://livetv.sx/enx/eventinfo/572515_stabaek_valerengen/", "competition": "", "datetime": "2017-10-07 15:00:00"}, {"name": "Chernomorets Nv \u2013 Krasnodar II", "links": [], "url": "http://livetv.sx/enx/eventinfo/574866_chernomorets_nv_krasnodar_ii/", "competition": "Russian Second Division (South)", "datetime": "2017-10-07 15:00:00"}, {"name": "Basel II \u2013 Kriens", "links": [], "url": "http://livetv.sx/enx/eventinfo/571284_basel_ii_kriens/", "competition": "Swiss 1. Liga Promotion", "datetime": "2017-10-07 15:00:00"}, {"name": "Sion II \u2013 Bruehl", "links": [], "url": "http://livetv.sx/enx/eventinfo/571285_sion_ii_bruehl/", "competition": "Swiss 1. Liga Promotion", "datetime": "2017-10-07 15:00:00"}, {"name": "Luki-Energiya \u2013 CRFSO", "links": [], "url": "http://livetv.sx/enx/eventinfo/574389_luki_energiya_crfso/", "competition": "Russian Second Division (West)", "datetime": "2017-10-07 15:00:00"}, {"name": "Dnepr-1 \u2013 Sudnobudivnyk", "links": [], "url": "http://livetv.sx/enx/eventinfo/574393_dnepr_1_sudnobudivnyk/", "competition": "Ukrainian Second League", "datetime": "2017-10-07 15:00:00"}, {"name": "Zorkiy \u2013 Torpedo M", "links": [], "url": "http://livetv.sx/enx/eventinfo/576752_zorkiy_torpedo_m/", "competition": "Russian Second Division (Center)", "datetime": "2017-10-07 15:00:00"}, {"name": "Mordovya Saransk \u2013 Orenburg II", "links": [], "url": "http://livetv.sx/enx/eventinfo/576761_mordovya_saransk_orenburg_ii/", "competition": "Russian Second Division (Ural)", "datetime": "2017-10-07 15:00:00"}, {"name": "Spartak M II \u2013 Shinnik", "links": [], "url": "http://livetv.sx/enx/eventinfo/573947_spartak_m_ii_shinnik/", "competition": "Russian First Division", "datetime": "2017-10-07 15:00:00"}, {"name": "Spartak Ks \u2013 Lokomotiv-Kazanka", "links": [], "url": "http://livetv.sx/enx/eventinfo/576767_spartak_ks_lokomotiv_kazanka/", "competition": "Russian Second Division (West)", "datetime": "2017-10-07 15:00:00"}, {"name": "Ajman \u2013 Al Dhafra", "links": [], "url": "http://livetv.sx/enx/eventinfo/573911_ajman_al_dhafra/", "competition": "UAE League Cup", "datetime": "2017-10-07 15:15:00"}, {"name": "Dibba Al Fujairah \u2013 Al Wahda", "links": [], "url": "http://livetv.sx/enx/eventinfo/573912_dibba_al_fujairah_al_wahda/", "competition": "UAE League Cup", "datetime": "2017-10-07 15:15:00"}, {"name": "Fuzinar \u2013 Brda Dobrovo", "links": [], "url": "http://livetv.sx/enx/eventinfo/576976_fuzinar_brda_dobrovo/", "competition": "Slovenian 2 SNL", "datetime": "2017-10-07 15:30:00"}, {"name": "Sporting Gijon \u2013 Sevilla II", "links": [], "url": "http://livetv.sx/enx/eventinfo/571183_sporting_gijon_sevilla_ii/", "competition": "Spanish Segunda Division", "datetime": "2017-10-07 16:00:00"}, {"name": "Russia \u2013 South Korea", "links": [], "url": "http://livetv.sx/enx/eventinfo/573745_russia_south_korea/", "competition": "Friendly Match", "datetime": "2017-10-07 16:00:00"}, {"name": "Karabakh Wien \u2013 Admira II", "links": [], "url": "http://livetv.sx/enx/eventinfo/574267_karabakh_wien_admira_ii/", "competition": "Austrian Regionalliga (East)", "datetime": "2017-10-07 16:00:00"}, {"name": "Plymouth Argyle \u2013 Fleetwood Town", "links": [], "url": "http://livetv.sx/enx/eventinfo/574069_plymouth_argyle_fleetwood_town/", "competition": "English League One", "datetime": "2017-10-07 16:00:00"}, {"name": "Drogheda Utd \u2013 Shamrock Rovers", "links": [], "url": "http://livetv.sx/enx/eventinfo/571263_drogheda_utd_shamrock_rovers/", "competition": "Irish Premier Division", "datetime": "2017-10-07 16:00:00"}, {"name": "Bray Wanderers \u2013 Galway United", "links": [], "url": "http://livetv.sx/enx/eventinfo/571266_bray_wanderers_galway_united/", "competition": "Irish Premier Division", "datetime": "2017-10-07 16:00:00"}, {"name": "YF Juventus \u2013 Koniz", "links": [], "url": "http://livetv.sx/enx/eventinfo/571286_yf_juventus_koniz/", "competition": "Swiss 1. Liga Promotion", "datetime": "2017-10-07 16:00:00"}, {"name": "United Zurich \u2013 Cham", "links": [], "url": "http://livetv.sx/enx/eventinfo/571287_united_zurich_cham/", "competition": "Swiss 1. Liga Promotion", "datetime": "2017-10-07 16:00:00"}, {"name": "Breitenrain \u2013 Stade Nyonnais", "links": [], "url": "http://livetv.sx/enx/eventinfo/571288_breitenrain_stade_nyonnais/", "competition": "Swiss 1. Liga Promotion", "datetime": "2017-10-07 16:00:00"}, {"name": "Obolon \u2013 Balkany Zorya", "links": [], "url": "http://livetv.sx/enx/eventinfo/574617_obolon_balkany_zorya/", "competition": "Ukrainian First League", "datetime": "2017-10-07 16:00:00"}, {"name": "Tanzania \u2013 Malawi", "links": [], "url": "http://livetv.sx/enx/eventinfo/574670_tanzania_malawi/", "competition": "Friendly Match", "datetime": "2017-10-07 16:00:00"}, {"name": "Ards \u2013 Glentoran", "links": [], "url": "http://livetv.sx/enx/eventinfo/569044_ards_glentoran/", "competition": "Northern Irish Premiership", "datetime": "2017-10-07 16:00:00"}, {"name": "Cliftonville \u2013 Warrenpoint", "links": [], "url": "http://livetv.sx/enx/eventinfo/569045_cliftonville_warrenpoint/", "competition": "Northern Irish Premiership", "datetime": "2017-10-07 16:00:00"}, {"name": "Dungannon \u2013 Ballymena Utd", "links": [], "url": "http://livetv.sx/enx/eventinfo/569047_dungannon_ballymena_utd/", "competition": "Northern Irish Premiership", "datetime": "2017-10-07 16:00:00"}, {"name": "Strogino \u2013 Rotor-2", "links": [], "url": "http://livetv.sx/enx/eventinfo/576754_strogino_rotor_2/", "competition": "Russian Second Division (Center)", "datetime": "2017-10-07 16:00:00"}, {"name": "Guimaraes \u2013 Feirense", "links": [], "url": "http://livetv.sx/enx/eventinfo/573940_guimaraes_feirense/", "competition": "Portuguese League Cup", "datetime": "2017-10-07 16:00:00"}, {"name": "Volga Ulyanovsk \u2013 NoSta", "links": [], "url": "http://livetv.sx/enx/eventinfo/576758_volga_ulyanovsk_nosta/", "competition": "Russian Second Division (Ural)", "datetime": "2017-10-07 16:00:00"}, {"name": "Zenit II \u2013 Tom", "links": [], "url": "http://livetv.sx/enx/eventinfo/573948_zenit_ii_tom/", "competition": "Russian First Division", "datetime": "2017-10-07 16:00:00"}, {"name": "Kuban \u2013 Luch-Energia", "links": [], "url": "http://livetv.sx/enx/eventinfo/573949_kuban_luch_energia/", "competition": "Russian First Division", "datetime": "2017-10-07 16:00:00"}], "sport": "Football"}
