﻿<?xml version="1.0" encoding="UTF-8" standalone="yes"?>
<addon id="plugin.video.castback" name="Castback" version="0.0.3" provider-name="Castback">
	<requires>
		<import addon="xbmc.python" version="2.1.0"/>
		<import addon="script.module.beautifulsoup" version="3.2.1"/>
		<import addon="script.module.requests"  />
    	<import addon="script.module.addon.common" />
		<import addon="script.module.urlresolver" />
		<import addon="script.module.liveresolver"  />
		<import addon="script.module.livestreamer" />

	</requires>
	<extension point="xbmc.python.pluginsource" library="default.py">
		<provides>video</provides>
	</extension>
	<extension point="xbmc.addon.metadata">
		<summary lang="en">Castback.. because of Laetitia Castback...</summary>
		<description lang="en">Visit someone for support.
		</description>
		<disclaimer lang="en">The author does not host or distribute any of the content displayed by this addon. The author does not have any affiliation with the content provider.</disclaimer>
		
		<platform>all</platform>
	</extension>
</addon>